scientificNameID,scientificName,scientificNameAuthorship,genericName,infragenericEpithet,specificEpithet,infraspecificEpithet,taxonRank,taxonRemarks,collectionCode,taxonomicStatus,acceptedNameUsageID,acceptedNameUsage,parentNameUsageID,parentNameUsage,kingdom,phylum,class,order,family,subfamily,genus,subgenus,higherClassification,verbatimIdentification,dynamicProperties,colTaxonID,gbifTaxonID,colAcceptedTaxonID,gbifAcceptedTaxonID
B229:7:1,Culicinae,,,,,,subfamily,,B229:7,accepted,,,,,,,,,,Culicinae,,,,CULICINAE,,87CGC,,87CGC,
B229:7:2,Anophelini,,,,,,tribe,,B229:7,accepted,,,B229:7:1,Culicinae,,,,,,Culicinae,,,Culicinae,ANOPHELINI,,,,,
B229:7:3,Anopheles,,,,,,genus,,B229:7,accepted,,,B229:7:2,Anophelini,,,,,,Culicinae,Anopheles,,Culicinae | Anophelini,Anopheles,,BXWM4,1650098,BXWM4,1650098
B229:7:4,Anopheles,,Anopheles,,,,subgenus,,B229:7,accepted,,,B229:7:3,Anopheles,,,,,,Culicinae,Anopheles,Anopheles,Culicinae | Anophelini | Anopheles,Anopheles,,BXWM6,,BXWM6,
B229:7:5,Anopheles algeriensis Theobald,Theobald,Anopheles,Anopheles,algeriensis,,species,,B229:7,accepted,,,B229:7:4,Anopheles,,,,,,Culicinae,Anopheles,Anopheles,Culicinae | Anophelini | Anopheles | Anopheles,algeriensis Theobald,,677SG,1650824,677SG,1650824
B229:7:6,Anopheles claviger Meigen,Meigen,Anopheles,Anopheles,claviger,,species,,B229:7,accepted,,,B229:7:4,Anopheles,,,,,,Culicinae,Anopheles,Anopheles,Culicinae | Anophelini | Anopheles | Anopheles,claviger Meigen,,66VTZ,1650857,66VTZ,1650857
B229:7:7,Anopheles plumbeus Stephens,Stephens,Anopheles,Anopheles,plumbeus,,species,,B229:7,accepted,,,B229:7:4,Anopheles,,,,,,Culicinae,Anopheles,Anopheles,Culicinae | Anophelini | Anopheles | Anopheles,plumbeus Stephens,,5V7X3,1650313,5V7X3,1650313
B229:7:8,Anopheles maculipennis,,Anopheles,Anopheles,,,complex,,B229:7,accepted,,,B229:7:4,Anopheles,,,,,,Culicinae,Anopheles,Anopheles,Culicinae | Anophelini | Anopheles | Anopheles,maculipennis,,DJB97,,6787Y,
B229:7:53,Anopheles messeae Falleroni,Falleroni,Anopheles,Anopheles,messeae,,species,,B229:7,accepted,,,B229:7:8,Anopheles maculipennis,,,,,,Culicinae,Anopheles,Anopheles,Culicinae | Anophelini | Anopheles | Anopheles | Anopheles maculipennis,messeae Falleroni,"{""identifiable"":false}",6787Y,1650482,6787Y,1650482
B229:7:54,Anopheles maculipennis var. messeae,,Anopheles,Anopheles,maculipennis,messeae,variety,,B229:7,synonym,B229:7:53,Anopheles messeae Falleroni,,,,,,,,Culicinae,Anopheles,Anopheles,Culicinae | Anophelini | Anopheles | Anopheles | Anopheles maculipennis,maculipennis var. messeae,,,,,
B229:7:55,Anopheles labranchiae,,Anopheles,Anopheles,labranchiae,,species,,B229:7,accepted,,,B229:7:8,Anopheles maculipennis,,,,,,Culicinae,Anopheles,Anopheles,Culicinae | Anophelini | Anopheles | Anopheles | Anopheles maculipennis,labranchiae,"{""identifiable"":false}",677VQ,1650739,677VQ,1650739
B229:7:56,Anopheles labranchiae subsp. atroparvus van Thiel,van Thiel,Anopheles,Anopheles,labranchiae,atroparvus,subspecies,,B229:7,accepted,,,B229:7:55,Anopheles labranchiae,,,,,,Culicinae,Anopheles,Anopheles,Culicinae | Anophelini | Anopheles | Anopheles | Anopheles maculipennis | Anopheles labranchiae,labranchiae subsp. atroparvus van Thiel,,LHZL8,8026312,677TP,1650503
B229:7:57,Anopheles maculipennis var. atroparvus,,Anopheles,Anopheles,maculipennis,atroparvus,variety,,B229:7,synonym,B229:7:56,Anopheles labranchiae subsp. atroparvus van Thiel,,,,,,,,Culicinae,Anopheles,Anopheles,Culicinae | Anophelini | Anopheles | Anopheles | Anopheles maculipennis | Anopheles labranchiae,maculipennis var. atroparvus,,,,,
B229:7:9,Culcini,,,,,,tribe,,B229:7,accepted,,,B229:7:1,Culicinae,,,,,,Culicinae,,,Culicinae,CULCINI,,,,,
B229:7:10,Aëdes Meigen,Meigen,,,,,genus,,B229:7,accepted,,,B229:7:9,Culcini,,,,,,Culicinae,Aëdes,,Culicinae | Culcini,Aëdes Meigen,,BXWKF,7924646,BXWKF,7924646
B229:7:11,Aëdes Meigen,Meigen,Aëdes,,,,subgenus,,B229:7,accepted,,,B229:7:10,Aëdes Meigen,,,,,,Culicinae,Aëdes,Aëdes,Culicinae | Culcini | Aëdes,Aëdes Meigen,,BXWKF,,BXWKF,
B229:7:12,Aëdes cinereus Meigen,Meigen,Aëdes,Aëdes,cinereus,,species,,B229:7,accepted,,,B229:7:11,Aëdes Meigen,,,,,,Culicinae,Aëdes,Aëdes,Culicinae | Culcini | Aëdes | Aëdes,cinereus Meigen,,6588V,10884269,8YQYC,10884269
B229:7:13,Finlaya Theobald,Theobald,Aëdes,,,,subgenus,,B229:7,accepted,,,B229:7:10,Aëdes Meigen,,,,,,Culicinae,Aëdes,Finlaya,Culicinae | Culcini | Aëdes,Finlaya Theobald,,BY55S,,BY55S,
B229:7:14,Aëdes geniculatus Olivier,Olivier,Aëdes,Finlaya,geniculatus,,species,,B229:7,accepted,,,B229:7:13,Finlaya Theobald,,,,,,Culicinae,Aëdes,Finlaya,Culicinae | Culcini | Aëdes | Finlaya,geniculatus Olivier,,6589L,1651525,6589L,1651525
B229:7:15,Ochlerotatus Lynch Arribalzaga,Lynch Arribalzaga,Aëdes,,,,subgenus,,B229:7,accepted,,,B229:7:10,Aëdes Meigen,,,,,,Culicinae,Aëdes,Ochlerotatus,Culicinae | Culcini | Aëdes,Ochlerotatus Lynch Arribalzaga,,BXXPP,,BXXPP,
B229:7:16,Aëdes rusticus Rossi,Rossi,Aëdes,Ochlerotatus,rusticus,,species,,B229:7,accepted,,,B229:7:15,Ochlerotatus Lynch Arribalzaga,,,,,,Culicinae,Aëdes,Ochlerotatus,Culicinae | Culcini | Aëdes | Ochlerotatus,rusticus Rossi,,89W65,1651877,89W65,1651877
B229:7:17,Aëdes sticticus Meigen,Meigen,Aëdes,Ochlerotatus,sticticus,,species,,B229:7,accepted,,,B229:7:15,Ochlerotatus Lynch Arribalzaga,,,,,,Culicinae,Aëdes,Ochlerotatus,Culicinae | Culcini | Aëdes | Ochlerotatus,sticticus Meigen,,6584H,1651405,6584H,1651405
B229:7:18,Aëdes punctor Kirby,Kirby,Aëdes,Ochlerotatus,punctor,,species,,B229:7,accepted,,,B229:7:15,Ochlerotatus Lynch Arribalzaga,,,,,,Culicinae,Aëdes,Ochlerotatus,Culicinae | Culcini | Aëdes | Ochlerotatus,punctor Kirby,,657RB,1652371,657RB,1652371
B229:7:19,Aëdes communis Degeer,Degeer,Aëdes,Ochlerotatus,communis,,species,,B229:7,accepted,,,B229:7:15,Ochlerotatus Lynch Arribalzaga,,,,,,Culicinae,Aëdes,Ochlerotatus,Culicinae | Culcini | Aëdes | Ochlerotatus,communis Degeer,,6588X,1651255,6588X,1651255
B229:7:20,Aëdes detritus Haliday,Haliday,Aëdes,Ochlerotatus,detritus,,species,,B229:7,accepted,,,B229:7:15,Ochlerotatus Lynch Arribalzaga,,,,,,Culicinae,Aëdes,Ochlerotatus,Culicinae | Culcini | Aëdes | Ochlerotatus,detritus Haliday,,64W8K,1651278,64W8K,1651278
B229:7:21,Aëdes leucomelas Meigen,Meigen,Aëdes,Ochlerotatus,leucomelas,,species,,B229:7,accepted,,,B229:7:15,Ochlerotatus Lynch Arribalzaga,,,,,,Culicinae,Aëdes,Ochlerotatus,Culicinae | Culcini | Aëdes | Ochlerotatus,leucomelas Meigen,,64VPJ,1651289,64VPJ,1651289
B229:7:22,Aëdes dorsalis Meigen,Meigen,Aëdes,Ochlerotatus,dorsalis,,species,,B229:7,accepted,,,B229:7:15,Ochlerotatus Lynch Arribalzaga,,,,,,Culicinae,Aëdes,Ochlerotatus,Culicinae | Culcini | Aëdes | Ochlerotatus,dorsalis Meigen,,64VXQ,1651209,64VXQ,1651209
B229:7:23,Aëdes caspius Pallas,Pallas,Aëdes,Ochlerotatus,caspius,,species,,B229:7,accepted,,,B229:7:15,Ochlerotatus Lynch Arribalzaga,,,,,,Culicinae,Aëdes,Ochlerotatus,Culicinae | Culcini | Aëdes | Ochlerotatus,caspius Pallas,,64VWT,1652063,64VWT,1652063
B229:7:24,Aëdes flavescens Müller,Müller,Aëdes,Ochlerotatus,flavescens,,species,,B229:7,accepted,,,B229:7:15,Ochlerotatus Lynch Arribalzaga,,,,,,Culicinae,Aëdes,Ochlerotatus,Culicinae | Culcini | Aëdes | Ochlerotatus,flavescens Müller,,89VW3,1651126,89VW3,1651126
B229:7:25,Aëdes annulipes Meigen,Meigen,Aëdes,Ochlerotatus,annulipes,,species,,B229:7,accepted,,,B229:7:15,Ochlerotatus Lynch Arribalzaga,,,,,,Culicinae,Aëdes,Ochlerotatus,Culicinae | Culcini | Aëdes | Ochlerotatus,annulipes Meigen,,64W7Q,1652347,64W7Q,1652347
B229:7:26,Aëdes cantans Meigen,Meigen,Aëdes,Ochlerotatus,cantans,,species,,B229:7,accepted,,,B229:7:15,Ochlerotatus Lynch Arribalzaga,,,,,,Culicinae,Aëdes,Ochlerotatus,Culicinae | Culcini | Aëdes | Ochlerotatus,cantans Meigen,,64W8Q,1651187,64W8Q,1651187
B229:7:27,Aëdimorphus Theobald,Theobald,Aëdes,,,,subgenus,,B229:7,accepted,,,B229:7:10,Aëdes Meigen,,,,,,Culicinae,Aëdes,Aëdimorphus,Culicinae | Culcini | Aëdes,Aëdimorphus Theobald,,BY55L,,BY55L,
B229:7:28,Aëdes vexans Meigen,Meigen,Aëdes,Aëdimorphus,vexans,,species,,B229:7,accepted,,,B229:7:27,Aëdimorphus Theobald,,,,,,Culicinae,Aëdes,Aëdimorphus,Culicinae | Culcini | Aëdes | Aëdimorphus,vexans Meigen,,64W5H,1652274,64W5H,1652274
B229:7:29,Culex Linnaeus,Linnaeus,,,,,genus,,B229:7,accepted,,,B229:7:9,Culcini,,,,,,Culicinae,Culex,,Culicinae | Culcini,Culex Linnaeus,,BXWVS,1497010,BXWVS,1497010
B229:7:30,Culex Linnaeus,Linnaeus,Culex,,,,subgenus,,B229:7,accepted,,,B229:7:29,Culex Linnaeus,,,,,,Culicinae,Culex,Culex,Culicinae | Culcini | Culex,Culex Linnaeus,,BXWVS,,BXWVS,
B229:7:31,Culex pipiens Linnaeus,Linnaeus,Culex,Culex,pipiens,,species,,B229:7,accepted,,,B229:7:30,Culex Linnaeus,,,,,,Culicinae,Culex,Culex,Culicinae | Culcini | Culex | Culex,pipiens Linnaeus,,32BNW,1652991,32BNW,1652991
B229:7:32,Culex molestus Forskål,Forskål,Culex,Culex,molestus,,species,,B229:7,accepted,,,B229:7:30,Culex Linnaeus,,,,,,Culicinae,Culex,Culex,Culicinae | Culcini | Culex | Culex,molestus Forskål,,32BJ4,8013980,32BNW,1652991
B229:7:33,Barraudius Edwards,Edwards,Culex,,,,subgenus,,B229:7,accepted,,,B229:7:29,Culex Linnaeus,,,,,,Culicinae,Culex,Barraudius,Culicinae | Culcini | Culex,Barraudius Edwards,,BYTT3,,BYTT3,
B229:7:34,Culex modestus Ficalbi,Ficalbi,Culex,Barraudius,modestus,,species,,B229:7,accepted,,,B229:7:33,Barraudius Edwards,,,,,,Culicinae,Culex,Barraudius,Culicinae | Culcini | Culex | Barraudius,modestus Ficalbi,,32BHZ,1653695,32BHZ,1653695
B229:7:35,Neoculex Dyar,Dyar,Culex,,,,subgenus,,B229:7,accepted,,,B229:7:29,Culex Linnaeus,,,,,,Culicinae,Culex,Neoculex,Culicinae | Culcini | Culex,Neoculex Dyar,,BY5DX,,BY5DX,
B229:7:36,Culex apicalis Adams,Adams,Culex,Neoculex,apicalis,,species,,B229:7,accepted,,,B229:7:35,Neoculex Dyar,,,,,,Culicinae,Culex,Neoculex,Culicinae | Culcini | Culex | Neoculex,apicalis Adams,,8BN9M,1653225,8BN9M,1653225
B229:7:37,Orthopodomyia Theobald,Theobald,,,,,genus,,B229:7,accepted,,,B229:7:9,Culcini,,,,,,Culicinae,Orthopodomyia,,Culicinae | Culcini,Orthopodomyia Theobald,,BY3F8,1649996,BY3F8,1649996
B229:7:38,Orthopodomyia pulchipalpis Rondani,Rondani,Orthopodomyia,,pulchipalpis,,species,,B229:7,accepted,,,B229:7:37,Orthopodomyia Theobald,,,,,,Culicinae,Orthopodomyia,,Culicinae | Culcini | Orthopodomyia,pulchipalpis Rondani,,7594Q,1649997,7594Q,1649997
B229:7:39,Theobaldia Neveu-Lemaire,Neveu-Lemaire,,,,,genus,,B229:7,accepted,,,B229:7:9,Culcini,,,,,,Culicinae,Theobaldia,,Culicinae | Culcini,Theobaldia Neveu-Lemaire,,NHLZH,1649478,BXZHV,1649499
B229:7:40,Allotheobaldia Broleman,Broleman,Theobaldia,,,,subgenus,,B229:7,accepted,,,B229:7:39,Theobaldia Neveu-Lemaire,,,,,,Culicinae,Theobaldia,Allotheobaldia,Culicinae | Culcini | Theobaldia,Allotheobaldia Broleman,,BYTKM,,BYTKM,
B229:7:41,Theobaldia longiareolata Macquart,Macquart,Theobaldia,Allotheobaldia,longiareolata,,species,,B229:7,accepted,,,B229:7:40,Allotheobaldia Broleman,,,,,,Culicinae,Theobaldia,Allotheobaldia,Culicinae | Culcini | Theobaldia | Allotheobaldia,longiareolata Macquart,,V25TK,,32DKR,
B229:7:42,Theobaldia Neveu-Lemaire,Neveu-Lemaire,Theobaldia,,,,subgenus,,B229:7,accepted,,,B229:7:39,Theobaldia Neveu-Lemaire,,,,,,Culicinae,Theobaldia,Theobaldia,Culicinae | Culcini | Theobaldia,Theobaldia Neveu-Lemaire,,BY4QJ,,BXZHX,
B229:7:43,Theobaldia alaskaensis Ludlow,Ludlow,Theobaldia,Theobaldia,alaskaensis,,species,,B229:7,accepted,,,B229:7:42,Theobaldia Neveu-Lemaire,,,,,,Culicinae,Theobaldia,Theobaldia,Culicinae | Culcini | Theobaldia | Theobaldia,alaskaensis Ludlow,,8995P,5089844,32DJZ,1649585
B229:7:44,Theobaldia annulata Schrank,Schrank,Theobaldia,Theobaldia,annulata,,species,,B229:7,accepted,,,B229:7:42,Theobaldia Neveu-Lemaire,,,,,,Culicinae,Theobaldia,Theobaldia,Culicinae | Culcini | Theobaldia | Theobaldia,annulata Schrank,,TDFQQ,7767703,32DK3,1649565
B229:7:45,Theobaldia subochrea Edwards,Edwards,Theobaldia,Theobaldia,subochrea,,species,,B229:7,accepted,,,B229:7:42,Theobaldia Neveu-Lemaire,,,,,,Culicinae,Theobaldia,Theobaldia,Culicinae | Culcini | Theobaldia | Theobaldia,subochrea Edwards,,8GNC9,8618213,32DL8,1649528
B229:7:46,Culicella Felt,Felt,Theobaldia,,,,subgenus,,B229:7,accepted,,,B229:7:39,Theobaldia Neveu-Lemaire,,,,,,Culicinae,Theobaldia,Culicella,Culicinae | Culcini | Theobaldia,Culicella Felt,,BY5F7,,BY5F7,
B229:7:47,Theobaldia morsitans Theobald,Theobald,Theobaldia,Culicella,morsitans,,species,,B229:7,accepted,,,B229:7:46,Culicella Felt,,,,,,Culicinae,Theobaldia,Culicella,Culicinae | Culcini | Theobaldia | Culicella,morsitans Theobald,,V26L2,,32DKX,
B229:7:48,Theobaldia fumipennis Stephens,Stephens,Theobaldia,Culicella,fumipennis,,species,,B229:7,accepted,,,B229:7:46,Culicella Felt,,,,,,Culicinae,Theobaldia,Culicella,Culicinae | Culcini | Theobaldia | Culicella,fumipennis Stephens,,V27BX,,6C22T,
B229:7:49,Theobaldia litorea Shute,Shute,Theobaldia,Culicella,litorea,,species,,B229:7,accepted,,,B229:7:46,Culicella Felt,,,,,,Culicinae,Theobaldia,Culicella,Culicinae | Culcini | Theobaldia | Culicella,litorea Shute,,TDFSN,12367864,32DKP,1649512
B229:7:50,Taeniorhynchus Lynch Arribalzaga,Lynch Arribalzaga,,,,,genus,,B229:7,accepted,,,B229:7:9,Culcini,,,,,,Culicinae,Taeniorhynchus,,Culicinae | Culcini,Taeniorhynchus Lynch Arribalzaga,,KQZK9,9767232,KQZK9,9767232
B229:7:51,Coquillettidia Dyar,Dyar,Taeniorhynchus,,,,subgenus,,B229:7,accepted,,,B229:7:50,Taeniorhynchus Lynch Arribalzaga,,,,,,Culicinae,Taeniorhynchus,Coquillettidia,Culicinae | Culcini | Taeniorhynchus,Coquillettidia Dyar,,BXZFV,,BXZFV,
B229:7:52,Taeniorhynchus richiardii Ficalbi,Ficalbi,Taeniorhynchus,Coquillettidia,richiardii,,species,,B229:7,accepted,,,B229:7:51,Coquillettidia Dyar,,,,,,Culicinae,Taeniorhynchus,Coquillettidia,Culicinae | Culcini | Taeniorhynchus | Coquillettidia,richiardii Ficalbi,,V26MN,,Y93X,